Method,OOD Detector,AUC,FPR95,ACC_ALL,ACC_ID,ACC_OOD,ACC_HM
zsclip_txt,energy,0.982034095,0.07687999999999985,0.7856,0.7088,0.9925,0.8269958267207429
