Method,OOD Detector,AUC,FPR95,ACC_ALL,ACC_ID,ACC_OOD,ACC_HM
zsclip_txt,maxlogit,0.9870681399999999,0.05047499999999992,0.7856,0.7311,0.9863,0.8397390590427389
