Method,OOD Detector,AUC,FPR95,ACC_ALL,ACC_ID,ACC_OOD,ACC_HM
zsclip_txt,msp,0.9892125299999999,0.0532,0.7635,0.6846,0.9981,0.8121462649313602
