Method,OOD Detector,AUC,FPR95,ACC_ALL,ACC_ID,ACC_OOD,ACC_HM
zsclip_txt,energy,0.663450205,0.842316129032258,0.5023,0.2911,0.72,0.4145821382652557
