Method,OOD Detector,AUC,FPR95,ACC_ALL,ACC_ID,ACC_OOD,ACC_HM
zsclip_txt,maxlogit,0.90606021,0.6472799999999997,0.8628,0.6456,0.9594,0.7718238504672896
