Method,OOD Detector,AUC,FPR95,ACC_ALL,ACC_ID,ACC_OOD,ACC_HM
zsclip_txt,msp,0.9909672577777777,0.04013333333333333,0.7676333333333333,0.6896333333333333,0.9962666666666666,0.8150645972148078
