Method,OOD Detector,AUC,FPR95,ACC_ALL,ACC_ID,ACC_OOD,ACC_HM
zsclip_txt,energy,0.62023334,0.9135285714285712,0.4842,0.3313,0.5507,0.41371181405895696
