Method,OOD Detector,AUC,FPR95,ACC_ALL,ACC_ID,ACC_OOD,ACC_HM
zsclip_txt,energy,0.9302578700000002,0.4882516129032257,0.5023,0.3861,0.9854,0.5548128909952607
