Method,OOD Detector,AUC,FPR95,ACC_ALL,ACC_ID,ACC_OOD,ACC_HM
zsclip_txt,maxlogit,0.941122945,0.33491739130434767,0.5023,0.3954,0.9871,0.5646283399638337
