Method,OOD Detector,AUC,FPR95,ACC_ALL,ACC_ID,ACC_OOD,ACC_HM
zsclip_txt,msp,0.6386952699999999,0.9894,0.4842,0.2742,0.9623,0.4267895835018197
