Method,OOD Detector,AUC,FPR95,ACC_ALL,ACC_ID,ACC_OOD,ACC_HM
ft_pl_neg_proto_bank_v0_txt,msp_plthresh07,0.9466589516666666,0.3664,0.7701333333333333,0.6877333333333333,0.9733,0.8059691998956473
