Method,OOD Detector,AUC,FPR95,ACC_ALL,ACC_ID,ACC_OOD,ACC_HM
zsclip_txt,msp,0.9865842633333333,0.0703,0.7427,0.6498,0.9979,0.7870794683498211
