Method,OOD Detector,AUC,FPR95,ACC_ALL,ACC_ID,ACC_OOD,ACC_HM
zsclip_txt,maxlogit,0.9008386700000001,0.8138166666666666,0.7635,0.6062,0.9829,0.7499011767667233
