Method,OOD Detector,AUC,FPR95,ACC_ALL,ACC_ID,ACC_OOD,ACC_HM
zsclip_txt,msp,0.9909672577777776,0.0401333333333333,0.7676333333333333,0.6896333333333333,0.9962666666666666,0.8150645972148078
zsclip_txt,maxlogit,0.9027570383333334,0.8104916666666665,0.7676333333333333,0.6044,0.9837333333333332,0.7487638653345647
zsclip_txt,energy,0.7525280172222223,0.9998666666666668,0.7676333333333333,0.4263333333333333,0.9957666666666668,0.5970445428904048
ft_pl_txt,msp_plthresh07,0.97978518,0.1170333333333333,0.7735333333333333,0.7067333333333333,0.9884333333333334,0.8241771127060598
ft_pl_txt,maxlogit_plthresh07,0.8801656344444445,0.8401666666666666,0.7737333333333334,0.5735,0.9798333333333332,0.7235207081545064
