Method,OOD Detector,AUC,FPR95,ACC_ALL,ACC_ID,ACC_OOD,ACC_HM
ft_pl_neg_proto_bank_v0_txt,msp_plthresh07,0.9266182883333334,0.3839,0.7531333333333333,0.6742666666666667,0.908,0.7738697227605966
