Method,OOD Detector,AUC,FPR95,ACC_ALL,ACC_ID,ACC_OOD,ACC_HM
zsclip_txt,energy,0.88825534,0.695874193548387,0.5023,0.3163,0.9746,0.4775985436517159
