Method,OOD Detector,AUC,FPR95,ACC_ALL,ACC_ID,ACC_OOD,ACC_HM
zsclip_txt,msp,0.7305772049999999,0.9703,0.5023,0.3393,0.9464,0.49951547017189074
