Method,OOD Detector,AUC,FPR95,ACC_ALL,ACC_ID,ACC_OOD,ACC_HM
zsclip_txt,maxlogit,0.63281788,0.9324714285714285,0.4842,0.3206,0.7042,0.44060601092896184
