Method,OOD Detector,AUC,FPR95,ACC_ALL,ACC_ID,ACC_OOD,ACC_HM
zsclip_txt,maxlogit,0.9848772,0.0374499999999999,0.7856,0.7204,0.9954,0.8358621750786805
