Method,OOD Detector,AUC,FPR95,ACC_ALL,ACC_ID,ACC_OOD,ACC_HM
zsclip_txt,maxlogit,0.86938573,0.8948666666666667,0.7427,0.5331,0.9827333333333333,0.6912305310610226
