Method,OOD Detector,AUC,FPR95,ACC_ALL,ACC_ID,ACC_OOD,ACC_HM
zsclip_txt,energy,0.626845145,0.972342857142857,0.4842,0.3233,0.5736,0.4135240941019065
