Method,OOD Detector,AUC,FPR95,ACC_ALL,ACC_ID,ACC_OOD,ACC_HM
zsclip_txt,maxlogit,0.64784095,0.9800142857142857,0.4842,0.3206,0.7936,0.45670105905582487
