Method,OOD Detector,AUC,FPR95,ACC_ALL,ACC_ID,ACC_OOD,ACC_HM
zsclip_txt,msp,0.9964160127777779,0.012866666666666667,0.7427,0.6743333333333333,0.9985,0.8050076716150245
