Method,OOD Detector,AUC,FPR95,ACC_ALL,ACC_ID,ACC_OOD,ACC_HM
zsclip_txt,maxlogit,0.66927406,0.8793739130434782,0.5023,0.3345,0.7394,0.460618865816184
