Method,OOD Detector,AUC,FPR95,ACC_ALL,ACC_ID,ACC_OOD,ACC_HM,kp,kn,alpha,loss_pl,loss_simclr
tpt_txt,maxlogit,0.94420579,0.385,0.8495,0.667,0.9896,0.7968890498611615,,,,,
rosita_loss_txt,maxlogit,0.94856987,0.3677,0.8503,0.7135,0.9925,0.8301861078546309,3.0,10.0,0.5,True,True
rosita_loss_txt,maxlogit,0.94420579,0.385,0.8557,0.6732,0.9896,0.8012974741400049,3.0,10.0,0.5,0,0
