Method,OOD Detector,AUC,FPR95,ACC_ALL,ACC_ID,ACC_OOD,ACC_HM,kp,kn,alpha,loss_pl,loss_simclr
tpt_txt,maxlogit,0.935534805,0.5339,0.8493,0.6667,0.9939,0.7980647115500421,,,,,
rosita_loss_txt,maxlogit,0.987002375,0.1082,0.8475,0.8175,0.9993,0.8993039960369881,3.0,10.0,0.5,True,True
rosita_loss_txt,maxlogit,0.935534805,0.5339,0.8557,0.6731,0.9939,0.8026323815236952,3.0,10.0,0.5,0,0
