Method,OOD Detector,AUC,FPR95,ACC_ALL,ACC_ID,ACC_OOD,ACC_HM
zsclip_txt,energy,0.8492597749999999,0.5235999999999997,0.7856,0.7058,0.681,0.6931782520911451
