Method,OOD Detector,AUC,FPR95,ACC_ALL,ACC_ID,ACC_OOD,ACC_HM
zsclip_txt,maxlogit,0.8614456399999999,0.5208249999999998,0.7856,0.6799,0.7597,0.7175882606279522
