Method,AUC,FPR95,ACC_ALL,ACC_ID,ACC_OOD,ACC_HM,kp,kn,alpha,loss_pl,loss_simclr,OOD Detector
rosita_loss_txt,0.86355611,0.9903,0.7422,0.512,0.9842,0.6735869536158268,3,10,0.5,1,0,maxlogit
rosita_loss_txt,0.878260115,0.9863,0.7383,0.5215,0.9958,0.6845181572530151,3,10,0.5,0,0,maxlogit
rosita_loss_cupl,0.8865966499999999,0.9909,0.7694,0.5676,0.9953,0.7229282487683153,3,10,0.5,1,0,maxlogit
rosita_loss_cupl,0.9038874,0.9583,0.7689,0.5889,0.9978,0.7406622802041974,3,10,0.5,0,0,maxlogit
