Method,OOD Detector,AUC,FPR95,ACC_ALL,ACC_ID,ACC_OOD,ACC_HM
zsclip_txt,energy,0.86035379,0.7633857142857141,0.7385,0.5402,0.9289,0.683128146484242
