Method,OOD Detector,AUC,FPR95,ACC_ALL,ACC_ID,ACC_OOD,ACC_HM
zsclip_txt,maxlogit,0.90349282,0.6245666666666664,0.7385,0.6082,0.9551,0.7431610311520501
