Method,AUC,FPR95,ACC_ALL,ACC_ID,ACC_OOD,ACC_HM,kp,kn,alpha,loss_pl,loss_simclr,OOD Detector
rosita_loss_txt,0.865670845,0.8976,0.743,0.5238,0.981,0.6829449760765551,3,10,0.5,1,0,maxlogit
rosita_loss_txt,0.87166739,0.8923,0.7383,0.5301,0.9843,0.6890879952456418,3,10,0.5,0,0,maxlogit
rosita_loss_cupl,0.95039727,0.3553,0.7695,0.6324,0.9945,0.773153605015674,3,10,0.5,1,0,maxlogit
rosita_loss_cupl,0.95763258,0.2732,0.7689,0.6457,0.9946,0.7830436139730537,3,10,0.5,0,0,maxlogit
