Method,OOD Detector,AUC,FPR95,ACC_ALL,ACC_ID,ACC_OOD,ACC_HM
zsclip_txt,maxlogit,0.6659919300000001,0.8258652173913043,0.5023,0.3433,0.699,0.46045610668713416
