Method,OOD Detector,AUC,FPR95,ACC_ALL,ACC_ID,ACC_OOD,ACC_HM
zsclip_txt,maxlogit,0.871866495,0.6577043478260868,0.5023,0.3883,0.9425,0.5500041328524196
