Method,OOD Detector,AUC,FPR95,ACC_ALL,ACC_ID,ACC_OOD,ACC_HM
zsclip_txt,maxlogit,0.8781404100000001,0.3560999999999999,0.7856,0.731,0.7456,0.7382278206691048
