Method,OOD Detector,AUC,FPR95,ACC_ALL,ACC_ID,ACC_OOD,ACC_HM
zsclip_txt,msp,0.8441070049999999,0.6259,0.7856,0.658,0.8161,0.7285717386880132
