Method,OOD Detector,AUC,FPR95,ACC_ALL,ACC_ID,ACC_OOD,ACC_HM
ft_pl_txt,maxlogit_plthresh07,0.8426556755555556,0.9347666666666666,0.7522,0.5127,0.9706,0.670972318479067
