Method,OOD Detector,AUC,FPR95,ACC_ALL,ACC_ID,ACC_OOD,ACC_HM
zsclip_txt,energy,0.882120955,0.3988714285714285,0.7385,0.6577,0.787,0.7165638540873537
