Method,OOD Detector,AUC,FPR95,ACC_ALL,ACC_ID,ACC_OOD,ACC_HM
zsclip_txt,maxlogit,0.944194825,0.3854499999999998,0.8557,0.6736,0.989,0.8013838566101288
