Method,OOD Detector,AUC,FPR95,ACC_ALL,ACC_ID,ACC_OOD,ACC_HM
zsclip_txt,msp,0.9780279749999999,0.1161,0.8557,0.7979,0.9543,0.8691199292318228
