Method,OOD Detector,AUC,FPR95,ACC_ALL,ACC_ID,ACC_OOD,ACC_HM
ft_pl_neg_proto_bank_v0_txt,maxlogit_plthresh07,0.8483585222222223,0.9113666666666667,0.7534,0.5130333333333333,0.974,0.6720689516038646
