Method,OOD Detector,AUC,FPR95,ACC_ALL,ACC_ID,ACC_OOD,ACC_HM
zsclip_txt,energy,0.8024358300000001,0.7151571428571427,0.7385,0.5783,0.7433,0.650499984866828
