Method,OOD Detector,AUC,FPR95,ACC_ALL,ACC_ID,ACC_OOD,ACC_HM
zsclip_txt,maxlogit,0.8256789600000001,0.6791999999999998,0.7385,0.6081,0.7945,0.6889140881220589
