Method,OOD Detector,AUC,FPR95,ACC_ALL,ACC_ID,ACC_OOD,ACC_HM
tpt_txt,maxlogit,0.8716208400000001,0.6569,0.4694,0.3552,0.9431,0.5160427019949164
