Method,OOD Detector,AUC,FPR95,ACC_ALL,ACC_ID,ACC_OOD,ACC_HM
zsclip_txt,energy,0.8720104,0.3522199999999999,0.7856,0.7098,0.7618,0.7348812720848057
