Method,OOD Detector,AUC,FPR95,ACC_ALL,ACC_ID,ACC_OOD,ACC_HM
zsclip_txt,msp,0.5261109350000001,0.9859,0.4842,0.2667,0.7843,0.3980453092293054
