Method,OOD Detector,AUC,FPR95,ACC_ALL,ACC_ID,ACC_OOD,ACC_HM
zsclip_txt,maxlogit,0.9307461150000002,0.7443399999999997,0.8628,0.6457,0.9976,0.7839716667680887
