Method,OOD Detector,AUC,FPR95,ACC_ALL,ACC_ID,ACC_OOD,ACC_HM
zsclip_txt,msp,0.9959070900000001,0.0136,0.7383,0.6705,0.9982,0.8021730688559957
