Method,OOD Detector,AUC,FPR95,ACC_ALL,ACC_ID,ACC_OOD,ACC_HM
zsclip_txt,energy,0.711469385,0.7045142857142854,0.4842,0.3329,0.6823,0.4474737391646965
